name,mae,mse,rmse,r2
GradientBoosting,2468.7227282751655,19472093.578756277,4412.719521877215,0.8745748619544238
RandomForest,2414.00992431883,20642300.553446043,4543.379860131226,0.867037235312033
Ridge,2727.6296417148005,20726513.503098357,4552.6380817168365,0.866494796421595
Lasso,2718.213754606115,20800356.00897571,4560.740730295432,0.8660191564265509
LinearRegression,2734.123632272388,20925615.38530626,4574.452468362335,0.8652123261540782
